{"model": "Best_RNN.pt", "train_losses": [1.1061396084942865, 1.0501061674460623, 1.045847930954498, 1.0374001570118283, 0.9960556308042656, 0.9527812921885148, 0.8785307641168243, 0.764106978027566, 0.6203738709676613, 0.5385449220833269], "train_accs": [0.41398351186687504, 0.4349357633336077, 0.43589512885195536, 0.4623807331890736, 0.5332911365819208, 0.5814906260342274, 0.6290927351678459, 0.6966594827406615, 0.7708172916208657, 0.8066057080204047], "val_losses": [1.0532257057899652, 1.0500805581262869, 1.0484628062839656, 1.0492566093917965, 1.0703126321467318, 0.9167983217756878, 0.8504441274228947, 0.6877426939417225, 0.5917775508507278, 0.5575127659379974], "val_accs": [0.46225775189177937, 0.4669815891010817, 0.46904069762821343, 0.47594476739565533, 0.43476259685301966, 0.6045542636583018, 0.644089147102001, 0.7349079459212547, 0.7825339145438616, 0.7945009691770687], "best_val_epoch": 10, "lr": 0.001, "l2": 0.001, "max_size_vocab": 50000, "hidden_dimension": 64, "batch_size": 64}