{"model": "Best_RNN.pt", "train_losses": [1.1061396084942865, 1.0501061674460623, 1.045847930954498], "train_accs": [0.41398351186687504, 0.4349357633336077, 0.43589512885195536], "val_losses": [1.0532257057899652, 1.0500805581262869, 1.0484628062839656], "val_accs": [0.46225775189177937, 0.4669815891010817, 0.46904069762821343], "best_val_epoch": 3, "lr": 0.001, "l2": 0.001, "max_size_vocab": 50000, "hidden_dimension": 64, "batch_size": 64}