{"model": "Best_RNN.pt", "train_losses": [1.1061396084942865, 1.0501061674460623], "train_accs": [0.41398351186687504, 0.4349357633336077], "val_losses": [1.0532257057899652, 1.0500805581262869], "val_accs": [0.46225775189177937, 0.4669815891010817], "best_val_epoch": 2, "lr": 0.001, "l2": 0.001, "max_size_vocab": 50000, "hidden_dimension": 64, "batch_size": 64}