{"model": "BEST_LSTM.pt", "train_losses": [0.9686968378650332, 0.8545432970940489], "train_accs": [0.5288196769154188, 0.6117027953990455], "val_losses": [0.8859271966209707, 0.8271343629489574], "val_accs": [0.588493216869443, 0.6304505813953488], "best_val_epoch": 2, "lr": 0.001, "l2": 0.001, "max_size_vocab": 25000, "hidden_dimension": 128, "batch_size": 64}