{"model": "BEST_LSTM.pt", "train_losses": [0.9686968378650332, 0.8545432970940489, 0.7849899954008824, 0.7006088459954678, 0.6099681644185075, 0.5391370698664952, 0.49121788850108394, 0.46236068120280516, 0.4308061528553083, 0.40404321717695124], "train_accs": [0.5288196769154188, 0.6117027953990455, 0.6559748493351982, 0.710654502817728, 0.7638579678766936, 0.8007448945230651, 0.8257323401645549, 0.8394888265619, 0.8511152494300916, 0.8642032139509627], "val_losses": [0.8859271966209707, 0.8271343629489574, 0.7788799705431443, 0.6712853954743969, 0.5775154484796894, 0.536795834238215, 0.5079404191915379, 0.5027854521145192, 0.4882070886534314, 0.49934040991834894], "val_accs": [0.588493216869443, 0.6304505813953488, 0.6603439921556518, 0.7271317830381467, 0.7791424416756445, 0.8028827517531639, 0.8195494186970614, 0.8197432169618533, 0.8306928295497746, 0.8263808137686678], "best_val_epoch": 9, "lr": 0.001, "l2": 0.001, "max_size_vocab": 25000, "hidden_dimension": 128, "batch_size": 64}