{"model": "RNN_Exp2.pt", "train_losses": [1.0762408306297746, 1.0448654824090235], "train_accs": [0.41914127885716634, 0.43593697692584066], "val_losses": [1.0430546014807944, 1.0405930617983028], "val_accs": [0.4686773255351902, 0.4730377906514693], "best_val_epoch": 2, "lr": 0.001, "l2": 0.001, "max_size_vocab": 5000, "hidden_dimension": 128, "batch_size": 64}