{"model": "RNN_Exp8.pt", "train_losses": [1.0892580572841237], "train_accs": [0.41315805993033844], "val_losses": [1.047561152960903], "val_accs": [0.46673934103906617], "best_val_epoch": 1, "lr": 0.001, "l2": 0.001, "max_size_vocab": 50000, "hidden_dimension": 128, "batch_size": 64}