{"model": "RNN_Exp8.pt", "train_losses": [1.0892580572841237, 1.0454172820720857, 1.0270719463385425], "train_accs": [0.41315805993033844, 0.4358156177025397, 0.4418417307937029], "val_losses": [1.047561152960903, 1.0364546951397444, 1.010895359885785], "val_accs": [0.46673934103906617, 0.4782461239848026, 0.49072189917860104], "best_val_epoch": 3, "lr": 0.001, "l2": 0.001, "max_size_vocab": 50000, "hidden_dimension": 128, "batch_size": 64}