{"model": "RNN_Exp6.pt", "train_losses": [1.1242139479489002, 1.056060070551715, 1.0475279379816889, 1.0432064789012798], "train_accs": [0.40897744390571, 0.4289284817802096, 0.43380168225001364, 0.43304214095606386], "val_losses": [1.046675710253013, 1.052874085052993, 1.052290755186894, 1.0397649083950722], "val_accs": [0.4694040697212367, 0.4675872092561204, 0.45571705421736075, 0.47461240305457003], "best_val_epoch": 4, "lr": 0.001, "l2": 0.001, "max_size_vocab": 25000, "hidden_dimension": 128, "batch_size": 64}