{"model": "RNN_Exp1.pt", "train_losses": [1.0977571331181573, 1.0498801440868564, 1.0583012349397234, 1.050509756166958], "train_accs": [0.41674443419697216, 0.4365437730423455, 0.4190261968131204, 0.42840015066480175], "val_losses": [1.052579293417376, 1.0464911816656128, 1.0546507340993068, 1.0516011932099512], "val_accs": [0.4679505813491437, 0.46564922475999637, 0.4675872092561204, 0.47061531003131424], "best_val_epoch": 4, "lr": 0.001, "l2": 0.001, "max_size_vocab": 5000, "hidden_dimension": 64, "batch_size": 64}