{"model": "RNN_Exp3.pt", "train_losses": [1.10193144372366, 1.050589397925775, 1.0453363279694492, 1.0288555414931289, 0.9862749622863474, 0.9698490312955912, 0.9375667494477578, 0.9997157395464703, 0.8014749754979772], "train_accs": [0.4222055992455158, 0.43681683129477267, 0.4346511968131204, 0.4474901657081345, 0.46838801474247166, 0.48308503517826784, 0.5064404084265811, 0.49741274685535614, 0.6587901740398222], "val_losses": [1.053594166456267, 1.0485331416130066, 1.0461884145588838, 1.0106337745060292, 1.0097339472105338, 0.9434173194937003, 1.0795486407686574, 0.8937079846396927, 0.6816476287767869], "val_accs": [0.46128875964371735, 0.46153100770573285, 0.472189922434415, 0.4910852712716243, 0.4792151162328646, 0.5136627906052641, 0.4724321704964305, 0.5753633721854335, 0.7310804262641788], "best_val_epoch": 9, "lr": 0.001, "l2": 0.001, "max_size_vocab": 10000, "hidden_dimension": 64, "batch_size": 64}