{"model": "RNN_Exp2.pt", "train_losses": [1.0762408306297746, 1.0448654824090235, 1.1319910822562802, 1.1007416130269616, 1.0392716575594783, 1.0348723294665512, 1.0314859467802695, 1.01743439389664], "train_accs": [0.41914127885716634, 0.43593697692584066, 0.3666534147794964, 0.38955996817755467, 0.4327084030919862, 0.43202314197438435, 0.43013579677609565, 0.4432425928926005], "val_losses": [1.0430546014807944, 1.0405930617983028, 1.1241631198299022, 1.0817195847052936, 1.040532064992328, 1.0546433020007702, 1.0291492398395095, 0.9935905291128528], "val_accs": [0.4686773255351902, 0.4730377906514693, 0.4112645348375158, 0.41111918613892195, 0.3872819766979809, 0.3408914728220119, 0.4070736433184424, 0.4947189922018569], "best_val_epoch": 8, "lr": 0.001, "l2": 0.001, "max_size_vocab": 5000, "hidden_dimension": 128, "batch_size": 64}