{"model": "RNN_Exp8.pt", "train_losses": [1.0892580572841237, 1.0454172820720857, 1.0270719463385425, 1.014118718985215, 0.9764546181391743, 0.9609365423906197, 0.9138092639376816], "train_accs": [0.41315805993033844, 0.4358156177025397, 0.4418417307937029, 0.44894019920849104, 0.47387951959684055, 0.4969566036196588, 0.539850811877297], "val_losses": [1.047561152960903, 1.0364546951397444, 1.010895359885785, 1.0208684136701185, 0.9550906807877296, 0.9644811712494192, 0.8925049032351767], "val_accs": [0.46673934103906617, 0.4782461239848026, 0.49072189917860104, 0.49023740305457003, 0.5222141472406165, 0.5262112402638723, 0.5959302325581395], "best_val_epoch": 7, "lr": 0.001, "l2": 0.001, "max_size_vocab": 50000, "hidden_dimension": 128, "batch_size": 64}