{"model": "RNN_Exp2.pt", "train_losses": [1.0762408306297746], "train_accs": [0.41914127885716634], "val_losses": [1.0430546014807944], "val_accs": [0.4686773255351902], "best_val_epoch": 1, "lr": 0.001, "l2": 0.001, "max_size_vocab": 5000, "hidden_dimension": 128, "batch_size": 64}