{"model": "RNN_Exp3.pt", "train_losses": [1.10193144372366, 1.050589397925775, 1.0453363279694492, 1.0288555414931289], "train_accs": [0.4222055992455158, 0.43681683129477267, 0.4346511968131204, 0.4474901657081345], "val_losses": [1.053594166456267, 1.0485331416130066, 1.0461884145588838, 1.0106337745060292], "val_accs": [0.46128875964371735, 0.46153100770573285, 0.472189922434415, 0.4910852712716243], "best_val_epoch": 4, "lr": 0.001, "l2": 0.001, "max_size_vocab": 10000, "hidden_dimension": 64, "batch_size": 64}