{"model": "RNN_Exp4.pt", "train_losses": [1.088783832313945, 1.0497130203015597, 1.0430322156369107], "train_accs": [0.41398351186687504, 0.43624037498409307, 0.43316454632768353], "val_losses": [1.0488533109657525, 1.0544049166893774, 1.0526801828266115], "val_accs": [0.46952519375224444, 0.4651647286359654, 0.45450581390728323], "best_val_epoch": 1, "lr": 0.001, "l2": 0.001, "max_size_vocab": 10000, "hidden_dimension": 128, "batch_size": 64}