{"model": "RNN_Exp3.pt", "train_losses": [1.10193144372366, 1.050589397925775], "train_accs": [0.4222055992455158, 0.43681683129477267], "val_losses": [1.053594166456267, 1.0485331416130066], "val_accs": [0.46128875964371735, 0.46153100770573285], "best_val_epoch": 2, "lr": 0.001, "l2": 0.001, "max_size_vocab": 10000, "hidden_dimension": 64, "batch_size": 64}