{"model": "RNN_Exp4.pt", "train_losses": [1.088783832313945], "train_accs": [0.41398351186687504], "val_losses": [1.0488533109657525], "val_accs": [0.46952519375224444], "best_val_epoch": 1, "lr": 0.001, "l2": 0.001, "max_size_vocab": 10000, "hidden_dimension": 128, "batch_size": 64}