{"model": "RNN_Exp1.pt", "train_losses": [1.0977571331181573], "train_accs": [0.41674443419697216], "val_losses": [1.052579293417376], "val_accs": [0.4679505813491437], "best_val_epoch": 1, "lr": 0.001, "l2": 0.001, "max_size_vocab": 5000, "hidden_dimension": 64, "batch_size": 64}