{"model": "RNN_Exp3.pt", "train_losses": [1.10193144372366, 1.050589397925775, 1.0453363279694492], "train_accs": [0.4222055992455158, 0.43681683129477267, 0.4346511968131204], "val_losses": [1.053594166456267, 1.0485331416130066, 1.0461884145588838], "val_accs": [0.46128875964371735, 0.46153100770573285, 0.472189922434415], "best_val_epoch": 3, "lr": 0.001, "l2": 0.001, "max_size_vocab": 10000, "hidden_dimension": 64, "batch_size": 64}