{"model": "RNN_Exp4.pt", "train_losses": [1.088783832313945, 1.0497130203015597, 1.0430322156369107, 1.093944199802806, 1.0537165076987258, 1.0494527581825996, 1.0408836360116607, 1.04922800388151, 1.053846324184566, 1.049247399348657], "train_accs": [0.41398351186687504, 0.43624037498409307, 0.43316454632768353, 0.39444990794635515, 0.4214460578936975, 0.42656197692584064, 0.42637366085376555, 0.42394647638774613, 0.41944467691541876, 0.4201540006595908], "val_losses": [1.0488533109657525, 1.0544049166893774, 1.0526801828266115, 1.063561764798423, 1.0540331578993982, 1.0552319426869237, 1.0458184425220933, 1.0548605660135433, 1.0508853668390319, 1.0534294982289159], "val_accs": [0.46952519375224444, 0.4651647286359654, 0.45450581390728323, 0.4640019378920858, 0.4280281006827835, 0.37497577510138813, 0.4105862402176672, 0.4050145347913106, 0.4641957363879034, 0.4641957363879034], "best_val_epoch": 1, "lr": 0.001, "l2": 0.001, "max_size_vocab": 10000, "hidden_dimension": 128, "batch_size": 64}