{"model": "RNN_Exp5.pt", "train_losses": [1.1015401788128232, 1.0504136731323686, 1.045600835906649, 1.0445630203172998, 1.0354228363453764, 1.0125413557858143], "train_accs": [0.41553084196396245, 0.4337525109064232, 0.4347725560364214, 0.4396614496279689, 0.4434486943541221, 0.4470476230371346], "val_losses": [1.051214851150217, 1.050013169761776, 1.0484879797743272, 1.0734272765558819, 1.0422829066136086, 0.9769257967786271], "val_accs": [0.46601259685301966, 0.46552810072898865, 0.47122093018635297, 0.3740794573181359, 0.4640746123568956, 0.4749031006827835], "best_val_epoch": 6, "lr": 0.001, "l2": 0.001, "max_size_vocab": 25000, "hidden_dimension": 64, "batch_size": 64}