{"model": "RNN_Exp5.pt", "train_losses": [1.1015401788128232], "train_accs": [0.41553084196396245], "val_losses": [1.051214851150217], "val_accs": [0.46601259685301966], "best_val_epoch": 1, "lr": 0.001, "l2": 0.001, "max_size_vocab": 25000, "hidden_dimension": 64, "batch_size": 64}