{"model": "RNN_Exp5.pt", "train_losses": [1.1015401788128232, 1.0504136731323686, 1.045600835906649], "train_accs": [0.41553084196396245, 0.4337525109064232, 0.4347725560364214], "val_losses": [1.051214851150217, 1.050013169761776, 1.0484879797743272], "val_accs": [0.46601259685301966, 0.46552810072898865, 0.47122093018635297], "best_val_epoch": 3, "lr": 0.001, "l2": 0.001, "max_size_vocab": 25000, "hidden_dimension": 64, "batch_size": 64}