{"model": "RNN_Exp6.pt", "train_losses": [1.1242139479489002, 1.056060070551715, 1.0475279379816889, 1.0432064789012798, 1.017797399493097, 1.0026651002828357, 0.9501989642393242, 0.9222298382555397, 1.01456564734283], "train_accs": [0.40897744390571, 0.4289284817802096, 0.43380168225001364, 0.43304214095606386, 0.44487466522790853, 0.45377678275108335, 0.49339429192172674, 0.5427341396368823, 0.47384394876007896], "val_losses": [1.046675710253013, 1.052874085052993, 1.052290755186894, 1.0397649083950722, 1.0163552798042002, 0.9947680258011633, 0.9372227635494498, 0.8951926647230636, 1.0338796913161759], "val_accs": [0.4694040697212367, 0.4675872092561204, 0.45571705421736075, 0.47461240305457003, 0.44786821686944295, 0.43335755804712456, 0.5335271316905354, 0.5715116280917973, 0.47594476739565533], "best_val_epoch": 8, "lr": 0.001, "l2": 0.001, "max_size_vocab": 25000, "hidden_dimension": 128, "batch_size": 64}