{"model": "RNN_Exp1.pt", "train_losses": [1.0977571331181573, 1.0498801440868564, 1.0583012349397234, 1.050509756166958, 1.0465646393090775, 1.0410097071268025, 1.02483881827697, 0.9526627858865608, 0.9251411587289237], "train_accs": [0.41674443419697216, 0.4365437730423455, 0.4190261968131204, 0.42840015066480175, 0.4324050050337338, 0.4370595497413746, 0.43975351522269757, 0.4800332691484285, 0.5164839303609237], "val_losses": [1.052579293417376, 1.0464911816656128, 1.0546507340993068, 1.0516011932099512, 1.0468935652296671, 1.0525168600932573, 0.9922012113785559, 0.9096866947735927, 0.8946131966834845], "val_accs": [0.4679505813491437, 0.46564922475999637, 0.4675872092561204, 0.47061531003131424, 0.4719476743723995, 0.39714147277580675, 0.4998062015041824, 0.5319767441860465, 0.5553294572719308], "best_val_epoch": 9, "lr": 0.001, "l2": 0.001, "max_size_vocab": 5000, "hidden_dimension": 64, "batch_size": 64}