{"model": "BERT_Exp1.pt", "train_losses": [1.0983104341463399, 1.037109501334043], "train_accs": [0.43132142017371916, 0.46761272240889895], "val_losses": [1.0986120710077212, 0.9263170828190885], "val_accs": [0.4635416666666667, 0.5721899224806202], "best_val_epoch": 2, "lr": 0.001, "l2": 0.001, "hidden_dimension": 64, "batch_size": 32}