{"model": "BERT_Exp2.pt", "train_losses": [1.0785180685934914, 0.9690929291547213, 0.9274476264957321], "train_accs": [0.4350505596347175, 0.527096737693883, 0.5637074411204999], "val_losses": [0.9892126441925995, 0.910300110892732, 0.8919772473416587], "val_accs": [0.49866763565891475, 0.5858769379844961, 0.5910852713178295], "best_val_epoch": 3, "lr": 0.001, "l2": 0.001, "hidden_dimension": 128, "batch_size": 32}