{"model": "Best_BERT.pt", "train_losses": [1.0983104341463399, 1.037109501334043, 0.9310304563640969, 0.9080265705393169], "train_accs": [0.43132142017371916, 0.46761272240889895, 0.5561936597318993, 0.5729365637860794], "val_losses": [1.0986120710077212, 0.9263170828190885, 0.8957459928915482, 0.8800830660864364], "val_accs": [0.4635416666666667, 0.5721899224806202, 0.5864825581395349, 0.6001695736434108], "best_val_epoch": 4, "lr": 0.001, "l2": 0.001, "hidden_dimension": 64, "batch_size": 32}