{"model": "LSTM_Exp2.pt", "train_losses": [1.2874006384784735, 1.2322377776636662, 1.1864443589182734, 1.1331308398431945, 1.0716404065345098, 1.0268410277598112], "train_accs": [0.39540927352257144, 0.4115563274008556, 0.424353448279853, 0.4355425594501125, 0.4542810511820525, 0.46846752594975594], "val_losses": [1.3063346933024798, 1.2499973071638004, 1.2040577845055929, 1.144033365009367, 1.0958813428878784, 1.053869715494703], "val_accs": [0.37185077519379844, 0.37797965120899585, 0.4050872092561204, 0.41676356579906254, 0.42374031003131424, 0.43083817829457366], "best_val_epoch": 6, "lr": 0.001, "l2": 0.001, "max_size_vocab": 5000, "hidden_dimension": 128, "batch_size": 64}