{"model": "LSTM_Exp7.pt", "train_losses": [0.9937215265718479, 0.8340436355002876, 0.7712026030114554, 0.7014174052233835], "train_accs": [0.528607298274642, 0.625076372646591, 0.6633108051077834, 0.7063462503905436], "val_losses": [0.8924976116002992, 0.8347402769465779, 0.7570665012034334, 0.6673837061538253], "val_accs": [0.5929021317829457, 0.6213420541711556, 0.6691133721854335, 0.7268410851789076], "best_val_epoch": 4, "lr": 0.001, "l2": 0.001, "max_size_vocab": 50000, "hidden_dimension": 64, "batch_size": 64}