{"model": "LSTM_Exp1.pt", "train_losses": [0.9762753906759244, 0.8297156646992396, 0.7612677184123438, 0.6804106361078984], "train_accs": [0.5235039337167462, 0.6288814027332565, 0.6729651405973341, 0.7229421241769513], "val_losses": [0.8726586343706116, 0.8085897994595904, 0.7307822722797246, 0.6684520207634268], "val_accs": [0.6011627907900847, 0.6464874032855958, 0.692926356496737, 0.7243943796601406], "best_val_epoch": 4, "lr": 0.001, "l2": 0.001, "max_size_vocab": 5000, "hidden_dimension": 64, "batch_size": 64}