{"model": "LSTM_Exp3.pt", "train_losses": [1.2886851539889586, 1.2413424619193216, 1.2179566191238107, 1.1906558961544222, 1.158443651847469, 0.8832202281766725, 0.7595795795176793, 0.7199156206788369], "train_accs": [0.3944383997361637, 0.40134959828506395, 0.4039044191536394, 0.41496589386347427, 0.42640504686577807, 0.6533175007810871, 0.7118544944281717, 0.7324677770577588], "val_losses": [1.3082205075626225, 1.272093833878983, 1.25353853647099, 1.2231792969297068, 1.1921946900759557, 0.8098701294078383, 0.7665940019511437, 0.7534545149452002], "val_accs": [0.3651405039221741, 0.3645348837671354, 0.3659156976744186, 0.3718023256276005, 0.39338662781456646, 0.6810804263565892, 0.7005087211150531, 0.7102955427280692], "best_val_epoch": 8, "lr": 0.001, "l2": 0.001, "max_size_vocab": 10000, "hidden_dimension": 64, "batch_size": 64}