{"model": "LSTM_Exp8.pt", "train_losses": [0.9794414971638652, 0.8656716800430446], "train_accs": [0.5227883327354506, 0.6052466939953924], "val_losses": [0.9030421907587569, 0.8435064457183661], "val_accs": [0.575775193613629, 0.6193556201088336], "best_val_epoch": 2, "lr": 0.001, "l2": 0.001, "max_size_vocab": 50000, "hidden_dimension": 128, "batch_size": 64}