{"model": "LSTM_Exp3.pt", "train_losses": [1.2886851539889586, 1.2413424619193216, 1.2179566191238107, 1.1906558961544222], "train_accs": [0.3944383997361637, 0.40134959828506395, 0.4039044191536394, 0.41496589386347427], "val_losses": [1.3082205075626225, 1.272093833878983, 1.25353853647099, 1.2231792969297068], "val_accs": [0.3651405039221741, 0.3645348837671354, 0.3659156976744186, 0.3718023256276005], "best_val_epoch": 4, "lr": 0.001, "l2": 0.001, "max_size_vocab": 10000, "hidden_dimension": 64, "batch_size": 64}