{"model": "LSTM_Exp6.pt", "train_losses": [0.9686968378650332, 0.8545432970940489, 0.7849899954008824, 0.7006088459954678, 0.6099681644185075], "train_accs": [0.5288196769154188, 0.6117027953990455, 0.6559748493351982, 0.710654502817728, 0.7638579678766936], "val_losses": [0.8859271966209707, 0.8271343629489574, 0.7788799705431443, 0.6712853954743969, 0.5775154484796894], "val_accs": [0.588493216869443, 0.6304505813953488, 0.6603439921556518, 0.7271317830381467, 0.7791424416756445], "best_val_epoch": 5, "lr": 0.001, "l2": 0.001, "max_size_vocab": 25000, "hidden_dimension": 128, "batch_size": 64}