{"model": "LSTM_Exp1.pt", "train_losses": [0.9762753906759244, 0.8297156646992396], "train_accs": [0.5235039337167462, 0.6288814027332565], "val_losses": [0.8726586343706116, 0.8085897994595904], "val_accs": [0.6011627907900847, 0.6464874032855958], "best_val_epoch": 2, "lr": 0.001, "l2": 0.001, "max_size_vocab": 5000, "hidden_dimension": 64, "batch_size": 64}