{"model": "LSTM_Exp2.pt", "train_losses": [1.2874006384784735, 1.2322377776636662, 1.1864443589182734, 1.1331308398431945], "train_accs": [0.39540927352257144, 0.4115563274008556, 0.424353448279853, 0.4355425594501125], "val_losses": [1.3063346933024798, 1.2499973071638004, 1.2040577845055929, 1.144033365009367], "val_accs": [0.37185077519379844, 0.37797965120899585, 0.4050872092561204, 0.41676356579906254], "best_val_epoch": 4, "lr": 0.001, "l2": 0.001, "max_size_vocab": 5000, "hidden_dimension": 128, "batch_size": 64}