{"model": "LSTM_Exp3.pt", "train_losses": [1.2886851539889586, 1.2413424619193216], "train_accs": [0.3944383997361637, 0.40134959828506395], "val_losses": [1.3082205075626225, 1.272093833878983], "val_accs": [0.3651405039221741, 0.3645348837671354], "best_val_epoch": 1, "lr": 0.001, "l2": 0.001, "max_size_vocab": 10000, "hidden_dimension": 64, "batch_size": 64}