{"model": "LSTM_Exp8.pt", "train_losses": [0.9794414971638652, 0.8656716800430446, 0.7908950066103518, 0.7017430225622306], "train_accs": [0.5227883327354506, 0.6052466939953924, 0.6511926682250013, 0.708585118900225], "val_losses": [0.9030421907587569, 0.8435064457183661, 0.7620317446169003, 0.6635686614254649], "val_accs": [0.575775193613629, 0.6193556201088336, 0.6713662789773571, 0.7342054261717685], "best_val_epoch": 4, "lr": 0.001, "l2": 0.001, "max_size_vocab": 50000, "hidden_dimension": 128, "batch_size": 64}