{"model": "LSTM_Exp7.pt", "train_losses": [0.9937215265718479, 0.8340436355002876, 0.7712026030114554, 0.7014174052233835, 0.6186166420144942, 0.5400864990590846, 0.48311471166541275, 0.4426555043864019, 0.40525235909860113, 0.3697076974852571], "train_accs": [0.528607298274642, 0.625076372646591, 0.6633108051077834, 0.7063462503905436, 0.7552833110383413, 0.7963885169584775, 0.8233354955043608, 0.8435051891410235, 0.8587368179293512, 0.8736451706839997], "val_losses": [0.8924976116002992, 0.8347402769465779, 0.7570665012034334, 0.6673837061538253, 0.5977628085502359, 0.5498272679572882, 0.5243167454420135, 0.5157298720622248, 0.5407282335813656, 0.5208376813535542], "val_accs": [0.5929021317829457, 0.6213420541711556, 0.6691133721854335, 0.7268410851789076, 0.7640746124955111, 0.792587209117505, 0.8055232559987741, 0.8131056201550387, 0.8097383721854335, 0.8149951548539391], "best_val_epoch": 10, "lr": 0.001, "l2": 0.001, "max_size_vocab": 50000, "hidden_dimension": 64, "batch_size": 64}