{"model": "LSTM_Exp5.pt", "train_losses": [1.2405075548921973, 1.1500941469831374, 1.1085606834263477], "train_accs": [0.4423930783294937, 0.4653603113392024, 0.4814163458578795], "val_losses": [1.157911990502084, 1.0882120723872222, 1.0523702123368432], "val_accs": [0.5002180231634037, 0.5164244184198306, 0.5302325579547142], "best_val_epoch": 3, "lr": 0.001, "l2": 0.001, "max_size_vocab": 25000, "hidden_dimension": 64, "batch_size": 64}