{"model": "LSTM_Exp8.pt", "train_losses": [0.9794414971638652, 0.8656716800430446, 0.7908950066103518, 0.7017430225622306, 0.6081911453922976, 0.5330229200205756, 0.47892765255228986, 0.4426543512679998, 0.40434309302024474], "train_accs": [0.5227883327354506, 0.6052466939953924, 0.6511926682250013, 0.708585118900225, 0.7616483930245187, 0.8004299882546212, 0.8269825493247763, 0.843996903271351, 0.860119894523065], "val_losses": [0.9030421907587569, 0.8435064457183661, 0.7620317446169003, 0.6635686614254649, 0.5799063229283621, 0.5349984716537387, 0.5314308714496997, 0.5034950733646866, 0.5185917084531266], "val_accs": [0.575775193613629, 0.6193556201088336, 0.6713662789773571, 0.7342054261717685, 0.7715600775193798, 0.8001453488372093, 0.8067344963088516, 0.815334302510402, 0.8159156977668289], "best_val_epoch": 9, "lr": 0.001, "l2": 0.001, "max_size_vocab": 50000, "hidden_dimension": 128, "batch_size": 64}