{"model": "LSTM_Exp7.pt", "train_losses": [0.9937215265718479], "train_accs": [0.528607298274642], "val_losses": [0.8924976116002992], "val_accs": [0.5929021317829457], "best_val_epoch": 1, "lr": 0.001, "l2": 0.001, "max_size_vocab": 50000, "hidden_dimension": 64, "batch_size": 64}