{"model": "LSTM_Exp4.pt", "train_losses": [0.9799431754547415, 0.8523649726099181, 0.7812672884718885, 0.6940921078607875], "train_accs": [0.5253850016779112, 0.6149606628325379, 0.6596522430771763, 0.7128086290313203], "val_losses": [0.8953858369080595, 0.8280163347259049, 0.7597748128942741, 0.6678746592166812], "val_accs": [0.5915697674418605, 0.6330426358437353, 0.6691860464192176, 0.728633720745412], "best_val_epoch": 4, "lr": 0.001, "l2": 0.001, "max_size_vocab": 10000, "hidden_dimension": 128, "batch_size": 64}