{"model": "LSTM_Exp5.pt", "train_losses": [1.2405075548921973], "train_accs": [0.4423930783294937], "val_losses": [1.157911990502084], "val_accs": [0.5002180231634037], "best_val_epoch": 1, "lr": 0.001, "l2": 0.001, "max_size_vocab": 25000, "hidden_dimension": 64, "batch_size": 64}