{"model": "LSTM_Exp5.pt", "train_losses": [1.2405075548921973, 1.1500941469831374, 1.1085606834263477, 1.0654082271659258, 1.0147541004477196, 0.682738342620794, 0.5130676249566587, 0.4626173282421908, 0.42659797393581245, 0.39013757213805483], "train_accs": [0.4423930783294937, 0.4653603113392024, 0.4814163458578795, 0.4954218278810816, 0.5058942919217267, 0.7185543605424826, 0.8128379226888268, 0.8370124706944215, 0.8527902159876036, 0.8676807834106741], "val_losses": [1.157911990502084, 1.0882120723872222, 1.0523702123368432, 1.0245138235794482, 0.9526270286057347, 0.5551089697567991, 0.5150088164233422, 0.5148820814698242, 0.5072152142145837, 0.5170344095821529], "val_accs": [0.5002180231634037, 0.5164244184198306, 0.5302325579547142, 0.5343507750089779, 0.5540455427280692, 0.7916908915652785, 0.8129360463268073, 0.8143410853637282, 0.8224806203398594, 0.8189680234406346], "best_val_epoch": 9, "lr": 0.001, "l2": 0.001, "max_size_vocab": 25000, "hidden_dimension": 64, "batch_size": 64}