{"model": "LSTM_Exp1.pt", "train_losses": [0.9762753906759244, 0.8297156646992396, 0.7612677184123438, 0.6804106361078984, 0.6011142735342377, 0.5450414282604329, 0.5100922516538101, 0.4928371184369893, 0.47533405443418375, 0.46448562556100126], "train_accs": [0.5235039337167462, 0.6288814027332565, 0.6729651405973341, 0.7229421241769513, 0.7668124372519336, 0.7959030800652735, 0.8166303984169822, 0.8248221459897976, 0.8327659441429435, 0.8383296367034171], "val_losses": [0.8726586343706116, 0.8085897994595904, 0.7307822722797246, 0.6684520207634268, 0.5780301362045052, 0.5379883556864983, 0.5167155293531196, 0.5140672663385554, 0.543315433947615, 0.5090229456969934], "val_accs": [0.6011627907900847, 0.6464874032855958, 0.692926356496737, 0.7243943796601406, 0.7783187983572021, 0.8021560075671174, 0.8143410853637282, 0.8143895346989003, 0.8008963179218677, 0.818338178386984], "best_val_epoch": 10, "lr": 0.001, "l2": 0.001, "max_size_vocab": 5000, "hidden_dimension": 64, "batch_size": 64}